{"name":"68854739-6cda-4a08-918a-3b96d857a012","id":"/providers/Microsoft.Flow/flows/68854739-6cda-4a08-918a-3b96d857a012","type":"Microsoft.Flow/flows","properties":{"apiId":"/providers/Microsoft.PowerApps/apis/shared_logicflows","displayName":"Personal OOO Email Triage","definition":{"metadata":{"workflowEntityId":null,"processAdvisorMetadata":null,"flowChargedByPaygo":null,"flowclientsuspensionreason":"None","flowclientsuspensiontime":null,"flowclientsuspensionreasondetails":"","creator":{"id":"3b5ab9a4-82c3-4396-a278-c5a34a8e4a7a","type":"User","tenantId":"9211cebe-feb2-4db8-96f6-1478dba57571"},"provisioningMethod":"FromDefinition","failureAlertSubscription":true,"clientLastModifiedTime":"2024-12-16T12:03:00.4176797Z","connectionKeySavedTimeKey":"2024-12-16T12:02:47.4292546Z"},"$schema":"https://schema.management.azure.com/providers/Microsoft.Logic/schemas/2016-06-01/workflowdefinition.json#","contentVersion":"1.0.0.0","parameters":{"$authentication":{"defaultValue":{},"type":"SecureObject"},"$connections":{"defaultValue":{},"type":"Object"}},"triggers":{"When_a_new_email_arrives_(V3)":{"splitOn":"@triggerOutputs()?['body/value']","type":"OpenApiConnectionNotification","inputs":{"host":{"apiId":"/providers/Microsoft.PowerApps/apis/shared_office365","connectionName":"shared_office365","operationId":"OnNewEmailV3"},"authentication":"@parameters('$authentication')"}}},"actions":{"Filtered":{"actions":{"Send_an_email_(V2)":{"type":"OpenApiConnection","inputs":{"parameters":{"emailMessage/To":"@variables('Personal Email')","emailMessage/Subject":"Filtered OOO Exception - @{triggerOutputs()?['body/from']}","emailMessage/Body":"<p class=\"editor-paragraph\">Hi - You've received an OOO email from @{triggerOutputs()?['body/from']} with a subject of '@{triggerOutputs()?['body/subject']}'. This email was filtered by:</p><br><p class=\"editor-paragraph\">- Recipient filter: @{variables('Filter Recipient')}</p><p class=\"editor-paragraph\">- Search Term filter: @{variables('Filter SearchTerm')}</p><p class=\"editor-paragraph\">- Wordcounts:</p><p class=\"editor-paragraph\">1. \"Urgent\": @{variables('WordCount Urgent')}</p><p class=\"editor-paragraph\">2. \"Help\": @{variables('WordCount Help')}</p><p class=\"editor-paragraph\">3. \"Worried\": @{variables('WordCount Worried')}</p><br><p class=\"editor-paragraph\">Automation has left this email in your inbox. Please login to your work email to access...</p><br><p class=\"editor-paragraph\"><b><strong class=\"editor-text-bold\">[It is possible to include the contents of the original emails. For GDPR compliance, this is not recommended as it could cause an automated data breach.]</strong></b></p>","emailMessage/Importance":"High"},"host":{"apiId":"/providers/Microsoft.PowerApps/apis/shared_office365","connectionName":"shared_office365","operationId":"SendEmailV2"},"authentication":"@parameters('$authentication')"}}},"runAfter":{"SET_Search_Terms":["Succeeded"]},"else":{"actions":{"Get_Mailbox_Folders":{"type":"OpenApiConnection","inputs":{"parameters":{"Uri":"https://graph.microsoft.com/v1.0/me/mailFolders/?includeHiddenFolders=true","Method":"GET","ContentType":"application/json"},"host":{"apiId":"/providers/Microsoft.PowerApps/apis/shared_office365","connectionName":"shared_office365","operationId":"HttpRequest"},"authentication":"@parameters('$authentication')"}},"Parse_JSON_from_Folder_Search":{"runAfter":{"Get_Mailbox_Folders":["Succeeded"]},"type":"ParseJson","inputs":{"content":"@body('Get_Mailbox_Folders')","schema":{"type":"object","properties":{"@@odata.context":{"type":"string"},"value":{"type":"array","items":{"type":"object","properties":{"id":{"type":"string"},"displayName":{"type":"string"},"parentFolderId":{"type":"string"},"childFolderCount":{"type":"integer"},"unreadItemCount":{"type":"integer"},"totalItemCount":{"type":"integer"},"sizeInBytes":{"type":"integer"},"isHidden":{"type":"boolean"}},"required":["id","displayName","parentFolderId","childFolderCount","unreadItemCount","totalItemCount","sizeInBytes","isHidden"]}},"@@odata.nextLink":{"type":"string"}}}}},"For_each_JSON_DisplayName":{"foreach":"@body('Parse_JSON_from_Folder_Search')?['value']","actions":{"Loop_Folder_Found":{"actions":{"Set_Folder_Exists_TRUE":{"type":"SetVariable","inputs":{"name":"FolderFound","value":true}}},"else":{"actions":{}},"expression":{"and":[{"equals":["@item()?['displayName']","@variables('FolderName')"]}]},"type":"If"}},"runAfter":{"Parse_JSON_from_Folder_Search":["Succeeded"]},"type":"Foreach"},"Folder_Found_EVER":{"actions":{},"runAfter":{"For_each_JSON_DisplayName":["Succeeded"]},"else":{"actions":{"Create_Folder":{"type":"OpenApiConnection","inputs":{"parameters":{"Uri":"https://graph.microsoft.com/v1.0/me/mailFolders","Method":"POST","Body":"{\n  \"displayName\": \"@{variables('FolderName')}\",\n  \"isHidden\": false\n}","ContentType":"application/json"},"host":{"apiId":"/providers/Microsoft.PowerApps/apis/shared_office365","connectionName":"shared_office365","operationId":"HttpRequest"},"authentication":"@parameters('$authentication')"}}}},"expression":{"and":[{"equals":["@variables('FolderFound')",true]}]},"type":"If"},"Move_email_to_folder":{"runAfter":{"Folder_Found_EVER":["Succeeded"]},"type":"OpenApiConnection","inputs":{"parameters":{"messageId":"@triggerOutputs()?['body/id']","folderPath":"@variables('FolderName')"},"host":{"apiId":"/providers/Microsoft.PowerApps/apis/shared_office365","connectionName":"shared_office365","operationId":"MoveV2"},"authentication":"@parameters('$authentication')"}}}},"expression":{"or":[{"equals":["@variables('Filter Recipient')",true]},{"equals":["@variables('Filter SearchTerm')",true]},{"greater":["@outputs('WordCount_Score')",2]}]},"type":"If"},"Initialise_Found_Folder_Variable":{"runAfter":{"SET_Personal_Email":["Succeeded"]},"type":"InitializeVariable","inputs":{"variables":[{"name":"FolderFound","type":"boolean","value":false}]}},"SET_Folder_Name":{"runAfter":{},"type":"InitializeVariable","inputs":{"variables":[{"name":"FolderName","type":"string","value":"My Out of Office Emails"}]}},"SET_Personal_Email":{"runAfter":{"SET_Folder_Name":["Succeeded"]},"type":"InitializeVariable","inputs":{"variables":[{"name":"Personal Email","type":"string","value":"mypersonalemail@gmail.com"}]}},"Initialise_Filter_Recipient":{"runAfter":{"Initialise_Found_Folder_Variable":["Succeeded"]},"type":"InitializeVariable","inputs":{"variables":[{"name":"Filter Recipient","type":"boolean","value":false}]}},"Filter_Based_on_RECIPIENT":{"actions":{"Set_Filter_Recipient":{"type":"SetVariable","inputs":{"name":"Filter Recipient","value":true}}},"runAfter":{"WordCount_Score":["Succeeded"]},"else":{"actions":{}},"expression":{"or":[{"contains":["@triggerOutputs()?['body/from']","tomnortonuk@gmail.com"]},{"contains":["@triggerOutputs()?['body/from']","email2@gmail.com"]},{"contains":["@triggerOutputs()?['body/from']","email3@gmail.com"]},{"contains":["@triggerOutputs()?['body/from']","email4@gmail.com"]}]},"type":"If"},"SET_Search_Terms":{"actions":{"Set_Filter_SearchTerm":{"type":"SetVariable","inputs":{"name":"Filter SearchTerm","value":true}}},"runAfter":{"Filter_Based_on_RECIPIENT":["Succeeded"]},"else":{"actions":{}},"expression":{"or":[{"contains":["@toLower(triggerOutputs()?['body/body'])","project urgent"]},{"contains":["@toLower(triggerOutputs()?['body/body'])","another value"]},{"contains":["@toLower(triggerOutputs()?['body/body'])","another value"]},{"contains":["@toLower(triggerOutputs()?['body/body'])","another value"]},{"contains":["@toLower(triggerOutputs()?['body/body'])","another value"]},{"contains":["@toLower(triggerOutputs()?['body/body'])","another value"]}]},"type":"If"},"Initialise_Filter_SearchTerm":{"runAfter":{"Initialise_Filter_Recipient":["Succeeded"]},"type":"InitializeVariable","inputs":{"variables":[{"name":"Filter SearchTerm","type":"boolean","value":false}]}},"Initialise_WordCount_urgent":{"runAfter":{"Initialise_Filter_SearchTerm":["Succeeded"]},"type":"InitializeVariable","inputs":{"variables":[{"name":"WordCount Urgent","type":"integer","value":"@add(length(split(toLower(triggerOutputs()?['body/body']),'urgent')),-1)"}]}},"Initialise_WordCount_worried":{"runAfter":{"Initialise_WordCount_urgent":["Succeeded"]},"type":"InitializeVariable","inputs":{"variables":[{"name":"WordCount Worried","type":"integer","value":"@add(length(split(toLower(triggerOutputs()?['body/body']),'worried')),-1)"}]}},"Initialise_WordCount_help":{"runAfter":{"Initialise_WordCount_worried":["Succeeded"]},"type":"InitializeVariable","inputs":{"variables":[{"name":"WordCount Help","type":"integer","value":"@add(length(split(toLower(triggerOutputs()?['body/body']),'worried')),-1)"}]}},"WordCount_Score":{"runAfter":{"Initialise_WordCount_help":["Succeeded"]},"type":"Compose","inputs":"@add(add(variables('WordCount Help'),variables('WordCount Worried')),variables('WordCount Urgent'))"}},"outputs":{}},"connectionReferences":{"shared_office365":{"connectionName":"shared-office365-7539d236-34f4-4ce9-9f72-2d52c3be5075","source":"Embedded","id":"/providers/Microsoft.PowerApps/apis/shared_office365","tier":"NotSpecified","apiName":"office365"}},"flowFailureAlertSubscribed":false,"isManaged":false}}