{"schemaVersion":"1.0","appDefinitionTemplate":{"id":"/providers/Microsoft.PowerApps/apps/","type":"Microsoft.PowerApps/apps","tags":{"primaryDeviceWidth":"640","primaryDeviceHeight":"1136","supportsPortrait":"true","supportsLandscape":"false","primaryFormFactor":"Phone","showStatusBar":"false","publisherVersion":"3.24091.13","minimumRequiredApiVersion":"2.2.0","hasComponent":"false","hasUnlockedComponent":"false","isUnifiedRootApp":"false","sienaVersion":"20240918T160243Z-3.24091.13.0"},"properties":{"appVersion":"2024-09-18T16:02:43Z","lifeCycleId":"Published","createdByClientVersion":{"major":3,"minor":24091,"build":13,"revision":0,"majorRevision":0,"minorRevision":0},"minClientVersion":{"major":3,"minor":24091,"build":13,"revision":0,"majorRevision":0,"minorRevision":0},"backgroundColor":"rgba(18, 107, 240, 1)","backgroundImageUri":"/11422866110316312029/N45845d5e-ae7f-47cd-be2c-834cd52c4e76-logoSmallFile","displayName":"Seagry Booker™ [COLLAB]","description":"Quickly find work spaces for meetings—filter by date, time, and location until you find the perfect spot. Reserve with the tap of a button.","commitMessage":"","appUris":{"documentUri":{"value":"/11422866110316312029/N035a66ff-6205-42f3-94a7-0cf33fcdbf00-document.msapp"},"imageUris":[],"additionalUris":[{"isSolutionAware":false,"value":"/11422866110316312029/N3df30c2a-cb9a-4a1b-953c-d1c949db7e77-identity.json"}]},"createdTime":"0001-01-01T00:00:00Z","lastModifiedTime":"0001-01-01T00:00:00Z","sharedGroupsCount":0,"sharedUsersCount":0,"connectionReferences":{"067c45d1-20e0-4d9a-8a0e-2f205e789006":{"id":"799ff27f-03f9-4825-8b6b-32a52e68901d","displayName":"SharePoint","iconUri":"https://connectoricons-prod.azureedge.net/u/jayawan/releases/v1.0.1697/1.0.1697.3786/sharepointonline/icon.png","dataSources":["Seagry Booker™ Settings"],"dependencies":[],"dependents":[],"parameterHints":{},"parameterHintsV2":{},"isOnPremiseConnection":false,"bypassConsent":false,"dataSets":{"https://seagryconsultancy.sharepoint.com/sites/SeagryBooker":{"dataSources":{"Seagry Booker™ Settings":{"tableName":"19bd7b75-5091-4939-8fd4-32c50e945cd5"}}}},"apiTier":"Standard","isCustomApiConnection":false,"actions":["providers/PowerPlatform.Governance/Operations/Read"]},"77b53998-3250-450d-b115-0eca0c3542af":{"id":"799ff27f-03f9-4825-8b6b-32a52e68901d","displayName":"SharePoint","iconUri":"https://connectoricons-prod.azureedge.net/u/jayawan/releases/v1.0.1697/1.0.1697.3786/sharepointonline/icon.png","dataSources":["Seagry Booker™ Bookings"],"dependencies":[],"dependents":[],"parameterHints":{},"parameterHintsV2":{},"isOnPremiseConnection":false,"bypassConsent":false,"dataSets":{"https://seagryconsultancy.sharepoint.com/sites/SeagryBooker":{"dataSources":{"Seagry Booker™ Bookings":{"tableName":"48bbe004-462c-4f5e-bf86-d1ec6a0edd7d"}}}},"apiTier":"Standard","isCustomApiConnection":false,"actions":["providers/PowerPlatform.Governance/Operations/Read","providers/PowerPlatform.Governance/Operations/Write"]},"a91390b6-d71f-4547-a71f-3b26adc3c59a":{"id":"799ff27f-03f9-4825-8b6b-32a52e68901d","displayName":"SharePoint","iconUri":"https://connectoricons-prod.azureedge.net/u/jayawan/releases/v1.0.1697/1.0.1697.3786/sharepointonline/icon.png","dataSources":["Seagry Booker™️ Area","Seagry Booker™️ Buildings","Seagry Booker™️ Desks","Seagry Booker™ Equipment","Seagry Booker™️ Levels","Seagry Booker™️ Sites"],"dependencies":[],"dependents":[],"parameterHints":{},"parameterHintsV2":{},"isOnPremiseConnection":false,"bypassConsent":false,"dataSets":{"https://seagryconsultancy.sharepoint.com/sites/SeagryBooker":{"dataSources":{"Seagry Booker™️ Area":{"tableName":"8f32c7cf-9ac3-4146-a22b-96fc12d5a7b8"},"Seagry Booker™️ Buildings":{"tableName":"a1a5753e-5904-424a-9cd7-fb2009391844"},"Seagry Booker™️ Desks":{"tableName":"b3ae3103-f93d-4a53-8e20-94c142fe7ca8"},"Seagry Booker™ Equipment":{"tableName":"95c4d21a-72c1-411f-b62f-3fe3ecad4e9c"},"Seagry Booker™️ Levels":{"tableName":"493b8cc8-acb9-4969-8cd4-6686ea8a2e38"},"Seagry Booker™️ Sites":{"tableName":"c699d30f-774d-448b-bd0d-0953deadd08f"}}}},"apiTier":"Standard","isCustomApiConnection":false,"actions":["providers/PowerPlatform.Governance/Operations/Read"]}},"databaseReferences":{},"almMode":"Environment","performanceOptimizationEnabled":false,"canConsumeAppPass":false,"enableModernRuntimeMode":false,"executionRestrictions":{"isTeamsOnly":false,"dataLossPreventionEvaluationResult":{"status":"Compliant","lastEvaluationDate":"2024-09-12T15:33:19.7303209Z","violations":[],"violationsByPolicy":[],"violationErrorMessage":"The app uses the following connectors: shared_office365, shared_office365users."}}},"appType":"ClassicCanvasApp","appComponents":[]}}