{"schemaVersion":"1.0","appDefinitionTemplate":{"id":"/providers/Microsoft.PowerApps/apps/","type":"Microsoft.PowerApps/apps","tags":{"primaryDeviceWidth":"1366","primaryDeviceHeight":"768","supportsPortrait":"true","supportsLandscape":"true","primaryFormFactor":"Tablet","showStatusBar":"false","publisherVersion":"3.24111.11","minimumRequiredApiVersion":"2.2.0","hasComponent":"false","hasUnlockedComponent":"false","isUnifiedRootApp":"false","offlineLargeFilesSupport":"false","sienaVersion":"20241118T164619Z-3.24111.11.0"},"properties":{"appVersion":"2024-11-18T16:46:19Z","lifeCycleId":"Published","createdByClientVersion":{"major":3,"minor":24111,"build":11,"revision":0,"majorRevision":0,"minorRevision":0},"minClientVersion":{"major":3,"minor":24111,"build":11,"revision":0,"majorRevision":0,"minorRevision":0},"backgroundColor":"rgba(255, 255, 255, 1)","backgroundImageUri":"/8368650604318481655/Nb920efe5-6061-4c0d-b87e-3664e2af143e-logoSmallFile","displayName":"Seagry MyTime™","description":"Weekly TimeCard Entries - Recording Activity by week with integrated approvals.","commitMessage":"","appUris":{"documentUri":{"value":"/8368650604318481655/N13324cc1-5b6e-49e5-bfc0-d757c02f5bb4-document.msapp"},"imageUris":[],"additionalUris":[{"isSolutionAware":false,"value":"/8368650604318481655/N8a4dde7b-d74f-4265-8c11-d352cd57ed23-identity.json"}]},"createdTime":"0001-01-01T00:00:00Z","lastModifiedTime":"0001-01-01T00:00:00Z","sharedGroupsCount":0,"sharedUsersCount":0,"connectionReferences":{"431d5f1b-cb1a-4f18-b217-29901eccdff2":{"id":"799ff27f-03f9-4825-8b6b-32a52e68901d","displayName":"SharePoint","iconUri":"https://connectoricons-prod.azureedge.net/u/jayawan/releases/v1.0.1697/1.0.1697.3786/sharepointonline/icon.png","dataSources":["PowerApp Settings","Engagements","Organisations"],"dependencies":[],"dependents":[],"parameterHints":{},"parameterHintsV2":{},"isOnPremiseConnection":false,"bypassConsent":false,"dataSets":{"https://seagryconsultancy.sharepoint.com/sites/SeagryAdmin":{"dataSources":{"PowerApp Settings":{"tableName":"6bea852e-8373-4983-9018-d88fa0d18961"}}},"https://seagryconsultancy.sharepoint.com/sites/SeagryDelivery":{"dataSources":{"Engagements":{"tableName":"6abfac5e-5da5-4ff4-8f12-02bc60a108fd"},"Organisations":{"tableName":"c0133dd0-0a75-4972-a818-383b2e6e2ac6"}}}},"apiTier":"Standard","isCustomApiConnection":false,"actions":["providers/PowerPlatform.Governance/Operations/Read"]},"505d9468-1cf9-4951-b84d-16f8a59ffd0b":{"id":"799ff27f-03f9-4825-8b6b-32a52e68901d","displayName":"SharePoint","iconUri":"https://connectoricons-prod.azureedge.net/u/jayawan/releases/v1.0.1697/1.0.1697.3786/sharepointonline/icon.png","dataSources":["TimeBooking Activities","TimeEntries","TimeBooking Settings"],"dependencies":[],"dependents":[],"parameterHints":{},"parameterHintsV2":{},"isOnPremiseConnection":false,"bypassConsent":false,"dataSets":{"https://seagryconsultancy.sharepoint.com/sites/SeagryDelivery":{"dataSources":{"TimeBooking Activities":{"tableName":"222950df-7989-4a51-a498-aa20f76e771e"},"TimeEntries":{"tableName":"3798b09c-17ce-4f3b-b9a0-152c86af4fa5"},"TimeBooking Settings":{"tableName":"b54d37fd-409c-4676-846a-777f4d4c4ca5"}}}},"apiTier":"Standard","isCustomApiConnection":false,"actions":["providers/PowerPlatform.Governance/Operations/Read","providers/PowerPlatform.Governance/Operations/Write","providers/PowerPlatform.Governance/Operations/Delete"]},"7df21eb4-0606-436f-8f3f-835fd6db7853":{"id":"bb20fb54-c689-46a5-8e62-99f11d4031a1","displayName":"Logic flows","iconUri":"https://connectoricons-prod.azureedge.net/releases/v1.0.1719/1.0.1719.3955/logicflows/icon.png","dataSources":["MyTimeCSV"],"dependencies":["46c7ae9b-4247-49e7-86d3-2739d796ee15"],"dependents":[],"parameterHints":{"workflowName":{"value":"1a2ff4c8-c3f5-409d-a085-5de434029690"},"workflowEntityId":{"value":"607595bc-537f-ef11-ac21-00224807870d"},"workflowDisplayName":{"value":"MyTimeCSV"},"46c7ae9b-4247-49e7-86d3-2739d796ee15":{"value":"shared_onedriveforbusiness"}},"parameterHintsV2":{"workflowName":{"value":"1a2ff4c8-c3f5-409d-a085-5de434029690"},"workflowEntityId":{"value":"607595bc-537f-ef11-ac21-00224807870d"},"workflowDisplayName":{"value":"MyTimeCSV"},"shared_onedriveforbusiness":{"value":"46c7ae9b-4247-49e7-86d3-2739d796ee15"}},"isOnPremiseConnection":false,"bypassConsent":false,"dataSets":{},"apiTier":"Standard","isCustomApiConnection":false,"actions":["Run"],"nestedActions":[{"id":"/providers/Microsoft.PowerApps/apis/shared_onedriveforbusiness/apiOperations/CreateFile","apiName":"OneDrive for Business","actionName":"CreateFile","referencedResources":[]},{"id":"/providers/Microsoft.PowerApps/apis/shared_onedriveforbusiness/apiOperations/CreateShareLinkV2","apiName":"OneDrive for Business","actionName":"CreateShareLinkV2","referencedResources":[]}]},"46c7ae9b-4247-49e7-86d3-2739d796ee15":{"id":"21a5120d-0aab-47e2-8a96-2d665df4b3e2","displayName":"OneDrive for Business","iconUri":"https://connectoricons-prod.azureedge.net/releases/v1.0.1689/1.0.1689.3722/onedriveforbusiness/icon.png","dataSources":[],"dependencies":[],"dependents":["7df21eb4-0606-436f-8f3f-835fd6db7853"],"parameterHints":{},"parameterHintsV2":{},"isOnPremiseConnection":false,"bypassConsent":false,"dataSets":{},"apiTier":"Standard","isCustomApiConnection":false}},"databaseReferences":{},"almMode":"Solution","performanceOptimizationEnabled":true,"canConsumeAppPass":true,"enableModernRuntimeMode":false,"executionRestrictions":{"isTeamsOnly":false,"dataLossPreventionEvaluationResult":{"status":"Compliant","lastEvaluationDate":"2024-11-18T16:46:38.8180248Z","violations":[],"violationsByPolicy":[],"violationErrorMessage":"The app uses the following connectors: shared_sharepointonline, shared_logicflows, shared_onedriveforbusiness."},"httpActionRestriction":{"appUsesSharepointHttpAction":false,"enforcementStrategy":"Legacy","evaluationTime":"2024-11-18T16:46:38.817911Z"}}},"appType":"ClassicCanvasApp","appComponents":[]}}